matricule,first_name,last_name,email,password,promotion_id,etablissement_id,ville_id,group_id,option_id
ETU2024001,Jean,Dupont,jean.dupont@email.com,password123,1ere annee,Faculte de Medecine,Casablanca,Groupe A,Pharmacie
ETU2024002,Marie,Martin,marie.martin@email.com,password123,2eme annee,Hopital Universitaire,Rabat,Groupe B,Medecine
ETU2024003,Pierre,Durand,pierre.durand@email.com,password123,3eme annee,Institut Superieur,Fes,Groupe C,Chirurgie
ETU2024004,Sophie,Bernard,sophie.bernard@email.com,password123,4eme annee,Ecole de Sante,Marrakech,Groupe D,
ETU2024005,Lucas,Moreau,lucas.moreau@email.com,password123,5eme annee,Centre Medical,Tanger,Groupe E,Biologie


